{"train_loss": [0.05604623830787508, 0.055915494622822734, 0.05578713863673329, 0.055662170421564953, 0.05553996321936817, 0.05542051670774526, 0.055304352065577406, 0.055190525350747824, 0.05507987457070461, 0.05497147168648856, 0.054865770764711976, 0.05476276390167186, 0.05466200777496852, 0.054563939501725445, 0.054467771810426106, 0.054374258537233496, 0.054282860957755474, 0.05419364108801043, 0.05410675535890429, 0.05402152692884556, 0.0539388369750183, 0.053857537861695164, 0.05377880659783841, 0.05370153399797952, 0.05362638147455679, 0.053552895613296035, 0.0534812597175672, 0.05341083519810733, 0.05334270802210085, 0.0532760559420664, 0.05321084273683179, 0.05314744662765103, 0.05308536108078746, 0.05302463004612946, 0.05296542839205358, 0.05290787182379669, 0.052851454311797476, 0.052797005449538116, 0.052742811912030445, 0.05269049974168107, 0.052639355026282524, 0.05258953703499477, 0.05254070141245999, 0.052540755008812993, 0.05249327080557123, 0.05244696198477565, 0.052401421492783505, 0.052357401213957926, 0.05231425497574189, 0.05227198691747617, 0.05223085976952765, 0.05219085706931461], "test_loss": [0.03661549967500333, 0.03650578898636773, 0.03640061184945567, 0.036295236654980696, 0.036194298290845854, 0.03609763554349838, 0.03600172526089559, 0.03591061175217504, 0.03581863357808638, 0.035730255114106185, 0.035645046679676926, 0.035560523468550424, 0.035479401760132714, 0.035399113490591966, 0.03532394574378466, 0.03524869027847212, 0.03517544849587516, 0.035104393939216424, 0.03503467058120865, 0.034968118264109914, 0.034901102823034186, 0.03483871874126195, 0.0347759879304059, 0.03471643375463088, 0.034656714827108845, 0.03460028570415299, 0.03454364213585895, 0.03449143310118106, 0.034438708175042805, 0.03438656407900623, 0.03433649792778242, 0.03428901751972812, 0.03424177113005759, 0.0341957611477023, 0.03415274270466378, 0.034108553060322774, 0.03406635579705215, 0.034023738157094946, 0.03398539249194853, 0.033946789900105766, 0.03390867254299567, 0.033872008441683865, 0.033836869319042465, 0.033836719678979686, 0.03380238343475407, 0.03376894431818113, 0.03373730670744528, 0.03370447522096443, 0.0336729729659075, 0.03364375190026444, 0.03361466453601939, 0.03358603845149596], "test_mae": [417.2768316583319, 410.0543500460111, 403.0300235748291, 395.8896778232449, 388.94910900409405, 382.20593104519685, 375.4177707001403, 368.8950988643772, 362.40309849414194, 356.13562804002026, 350.11882547231824, 344.1091132740398, 338.46152347522775, 332.94909091572185, 327.76785028897797, 322.58300313844785, 317.50933691171497, 312.65977553482895, 307.9711602808355, 303.60026911850815, 299.2429451575646, 295.3129090529222, 291.4624881744385, 287.9497879573277, 284.60659762791227, 281.57329936603924, 278.68089916941886, 276.1103558383145, 273.60698494544397, 271.31229958167444, 269.1451904590313, 267.19573542835946, 265.4579768128447, 263.9220607044933, 262.5095075879778, 261.03674243046686, 259.6255012554127, 258.26979521866684, 257.05316593882804, 255.84902180682172, 254.78157974075486, 253.81693485804968, 252.963135436341, 252.959564774901, 252.13475470490508, 251.31817297883086, 250.53987815353898, 249.87442509158626, 249.32730949318017, 248.95105273907, 248.5899158519703, 248.35741759918548], "train_time": [360.0666401386261, 94.07463884353638, 93.47208285331726, 93.69565057754517, 93.61896967887878, 93.85473132133484, 94.13173317909241, 93.556955575943, 93.62946701049805, 94.29617142677307, 93.83053851127625, 93.42908477783203, 93.4839837551117, 94.26155114173889, 93.30990862846375, 93.91378736495972, 93.93423509597778, 93.19232654571533, 93.49430751800537, 93.18716263771057, 93.32574486732483, 93.15021467208862, 94.15161323547363, 93.63332915306091, 92.9758985042572, 93.24335145950317, 93.5553662776947, 93.47580981254578, 94.1421411037445, 93.58315587043762, 93.48601126670837, 93.18679881095886, 93.3249237537384, 93.81678700447083, 93.4553689956665, 93.87190771102905, 93.67118883132935, 93.79716157913208, 93.5458972454071, 93.6018853187561, 93.19678664207458, 93.74098134040833, 93.84150052070618,90.7287278175354, 93.44783782958984, 93.83387732505798, 94.50605034828186, 93.69373559951782, 94.04611563682556, 94.04904007911682, 93.82712960243225, 93.91288805007935], "evaluation_time": [160.44391655921936, 22.64574098587036, 22.41676092147827, 22.53098464012146, 22.636120080947876, 22.61010193824768, 22.616450786590576, 22.3396418094635, 22.259859561920166, 22.87775206565857, 22.47906184196472, 22.74704670906067, 22.542564630508423, 22.549854278564453, 22.38682985305786, 22.422409057617188, 22.56378149986267, 22.45677661895752, 22.430629014968872, 22.57351303100586, 22.493921279907227, 22.291122913360596, 22.875776052474976, 22.57741618156433, 22.714184761047363, 22.677220344543457, 22.210899114608765, 22.545711517333984, 22.040494918823242, 22.391743898391724, 22.619460821151733, 22.507081747055054, 22.645056009292603, 22.260096549987793, 22.496093034744263, 22.523069858551025, 22.401126861572266, 22.49721050262451, 22.360290050506592, 22.363247394561768, 22.209280490875244, 22.235979795455933, 22.60495376586914, 23.090426206588745, 22.695290327072144, 22.802701473236084, 22.762738943099976, 22.969651222229004, 22.566071033477783, 22.69623565673828, 22.74075984954834, 22.82872176170349], "total_time": [520.5105566978455, 116.72037982940674, 115.88884377479553, 116.22663521766663, 116.25508975982666, 116.46483325958252, 116.74818396568298, 115.8965973854065, 115.88932657241821, 117.17392349243164, 116.30960035324097, 116.1761314868927, 116.02654838562012, 116.81140542030334, 115.6967384815216, 116.3361964225769, 116.49801659584045, 115.64910316467285, 115.92493653297424, 115.76067566871643, 115.81966614723206, 115.44133758544922, 117.02738928794861, 116.21074533462524, 115.69008326530457, 115.92057180404663, 115.76626539230347, 116.02152132987976, 116.18263602256775, 115.97489976882935, 116.10547208786011, 115.69388055801392, 115.969979763031, 116.07688355445862, 115.95146203041077, 116.39497756958008, 116.07231569290161, 116.29437208175659, 115.9061872959137, 115.96513271331787, 115.40606713294983, 115.97696113586426, 116.44645428657532, 113.81915402412415, 116.14312815666199, 116.63657879829407, 117.26878929138184, 116.66338682174683, 116.61218667030334, 116.7452757358551, 116.56788945198059, 116.74160981178284]}