{"train_loss": [789.3507105278969, 783.5399475500981, 798.0787743735314, 801.6514124202728, 765.864680279096, 765.2066353448232, 749.7353971338272, 768.7421630446116, 729.0177319558461, 683.0250713125864, 797.8904276831945, 814.7722022676468, 789.567621606191, 791.4926872396469, 735.2481119736036, 663.8559796206156, 703.5472277752558, 726.2141442926725, 698.3977718575795, 731.8183939043681, 618.1884088420868, 651.7457473079363, 568.1081410559018, 576.3551981027921, 538.6869253627459, 541.3007817316055, 555.9766395084063, 522.6256222128868, 520.3010184971491, 626.6346155468623, 593.9645764017105, 535.4744944874445, 561.320032676061, 505.8928252995014, 507.15331234455107, 524.6251525517305, 577.5313943636418, 491.4557278263569, 520.7219305125873, 508.7785028107961, 481.40899168213207, 505.4027135411898, 459.75224360982577, 498.46335892121, 459.002925807635, 449.16212496320406, 439.275987256368, 454.14963430722554, 494.4245494500796, 429.79429637352627, 428.4693070201079, 451.66791098276775, 420.23589156190553, 421.8057181708018, 434.59479848504066, 420.8471911116441, 400.1006627380848, 402.2472586363554, 412.27943670749664, 400.8872003920873], "test_loss": [247.70992218400096, 250.61002293261853, 241.52196226146194, 247.93551426929432, 238.98511481285095, 229.83461180100073, 243.19339553078453, 245.1483954335307, 339.0919093456897, 296.74144819149603, 267.3175283421527, 250.74832858882107, 248.1201876965198, 274.83019076074874, 220.33908848186115, 193.10606497853666, 259.7585562952272, 200.49839999649552, 246.36977655023009, 218.41546009923076, 219.52672671420234, 219.58999492309906, 185.390024967246, 179.78124452685262, 169.7725342466281, 224.96568189348494, 176.6518052659192, 257.2455464837315, 174.3007090786001, 200.46656270603557, 208.72901258625828, 208.62793745837368, 167.17284128102628, 190.0516877750774, 166.0815234374214, 227.09244224265382, 168.25625132793908, 167.50844088753502, 188.4788650058128, 167.59884662025578, 179.3753039103288, 164.52427953416174, 167.69651914559878, 189.02096492772574, 168.61575771295108, 158.83361805664313, 166.07353516725394, 177.13480641160692, 183.79135636182932, 164.6389887385316, 164.12704734618848, 158.76551284370842, 162.55995200885522, 159.38681181970534, 190.9513272164942, 161.97782176602018, 159.5093801001926, 158.56559922472462, 164.25656747031996, 176.1584371629652], "test_mae": [252.8748345217862, 247.87807106185744, 232.00860384008388, 373.27509974385356, 321.5646327092097, 215.88717946901426, 354.1941318302364, 364.96952010773043, 1012.9877965738485, 338.46998688414857, 492.0736289391151, 247.93583270481653, 262.2112998543205, 568.8027913439405, 472.0527889545147, 236.50029366880983, 428.8227614937248, 174.9147259219662, 418.1064835852319, 251.5141847002637, 201.83504928337348, 260.33246547573214, 187.00518681452826, 149.6436856028798, 117.16818662790152, 586.5869072295807, 200.61106149442904, 457.7367245391175, 133.06203150487207, 235.95096552502977, 402.04367212148816, 367.2983804220682, 137.4924474443708, 229.02100129179902, 111.42399094130967, 362.4488462720598, 153.34348783388242, 176.62626599741506, 190.375702889411, 147.3806924715147, 209.12020431770074, 153.93168837159544, 171.67393776610658, 330.11233281565234, 236.08533060681688, 96.17260266398335, 194.73205170264612, 154.73017193720892, 437.9531593322754, 196.11426127087938, 199.2674398946238, 119.52827417981494, 122.98323377672132, 100.08322315425663, 184.38221801506293, 198.5841280549437, 118.02422663929698, 143.2969174856668, 116.29323361994146, 386.9890311524108], "train_time": [403.793172121048, 173.58110570907593, 179.48372197151184, 181.10515880584717, 182.06972336769104, 181.55454516410828, 181.29837799072266, 181.54205346107483, 181.36642122268677, 180.86085963249207, 178.14797925949097, 178.35847806930542, 178.22762608528137, 178.7327916622162, 180.38730573654175, 179.95675802230835, 179.2917513847351, 179.6633689403534, 179.61793303489685, 179.0325961112976, 180.02231359481812, 180.02246856689453, 180.24118757247925, 180.22376823425293, 180.000226020813, 179.9474196434021, 180.277592420578, 180.38760209083557, 180.17259407043457, 180.16319298744202, 180.5810363292694, 179.79371762275696, 180.20066952705383, 179.73920845985413, 180.3543746471405, 180.17364025115967, 179.24359822273254, 180.25113153457642, 179.81385350227356, 179.57902836799622, 181.26373744010925, 180.87745928764343, 180.75082421302795, 181.1741065979004, 181.1617546081543, 181.2668159008026, 180.7746810913086, 180.5949776172638, 180.17552518844604, 180.81213903427124, 180.44723057746887, 181.1262481212616, 180.58218359947205, 180.38058853149414, 180.90305042266846, 180.87688374519348, 181.04586482048035, 180.89825463294983, 181.61627078056335, 181.17084503173828], "evaluation_time": [180.22446537017822, 21.54246163368225, 21.757243633270264, 22.073588609695435, 22.025672435760498, 21.938518285751343, 22.097803831100464, 21.969423532485962, 21.961878538131714, 21.770643949508667, 21.92499017715454, 22.176050424575806, 22.451735496520996, 21.896655082702637, 22.227274417877197, 22.285024404525757, 22.03691792488098, 21.831425189971924, 21.873926639556885, 22.34565019607544, 21.958346366882324, 21.88168430328369, 22.21609878540039, 22.020771980285645, 22.10482358932495, 21.6617751121521, 21.59857964515686, 21.934722900390625, 21.94311022758484, 22.30501937866211, 21.730196714401245, 21.761451482772827, 21.941169023513794, 22.07607913017273, 21.924440622329712, 21.669913053512573, 21.90237283706665, 21.944756984710693, 21.886518478393555, 21.990848541259766, 22.095983743667603, 22.016141891479492, 22.10969352722168, 22.146629095077515, 22.01107096672058, 22.112831354141235, 21.85762929916382, 21.5704927444458, 22.18619465827942, 21.847502946853638, 21.806591033935547, 22.060204029083252, 22.214784383773804, 22.05271029472351, 21.79785919189453, 22.15522336959839, 21.831282377243042, 22.088865041732788, 21.850956678390503, 22.24522829055786], "total_time": [584.0176374912262, 195.12356734275818, 201.2409656047821, 203.1787474155426, 204.09539580345154, 203.49306344985962, 203.39618182182312, 203.5114769935608, 203.32829976081848, 202.63150358200073, 200.0729694366455, 200.53452849388123, 200.67936158180237, 200.62944674491882, 202.61458015441895, 202.2417824268341, 201.3286693096161, 201.49479413032532, 201.49185967445374, 201.37824630737305, 201.98065996170044, 201.90415287017822, 202.45728635787964, 202.24454021453857, 202.10504961013794, 201.6091947555542, 201.87617206573486, 202.3223249912262, 202.1157042980194, 202.46821236610413, 202.31123304367065, 201.55516910552979, 202.14183855056763, 201.81528759002686, 202.27881526947021, 201.84355330467224, 201.1459710597992, 202.1958885192871, 201.70037198066711, 201.56987690925598, 203.35972118377686, 202.89360117912292, 202.86051774024963, 203.3207356929779, 203.17282557487488, 203.37964725494385, 202.6323103904724, 202.1654703617096, 202.36171984672546, 202.65964198112488, 202.25382161140442, 203.18645215034485, 202.79696798324585, 202.43329882621765, 202.700909614563, 203.03210711479187, 202.8771471977234, 202.98711967468262, 203.46722745895386, 203.41607332229614]}