{"train_loss": [392.2490809408824, 386.80379412968955, 367.1407194751501, 349.5270322179794, 313.08420058568316, 278.14459528764087, 358.1462550552686, 306.86632379690803, 290.1624740099907, 273.57736948132515, 268.20307473679384, 266.1968830358982, 287.4713785032431, 262.4104035282135, 246.5316919742028, 248.41993161916733, 231.0237267202139, 237.7769398466746, 223.64924470484257, 221.12475292921067, 220.80093567291897, 219.73312785307567, 224.35708592633407, 212.4267487168312, 215.07182768305142, 204.8992729739348, 200.92907651384672, 200.61283864955107, 201.1175536214312, 190.8155661643545, 201.6724323185285, 212.07443827470144, 195.26350386957327, 192.42161962985992, 199.70483991563322, 183.93533469736576, 176.9002354333798, 180.07343967924515, 202.06015516966582, 192.48099976698558, 181.81282935758432, 163.86208376795054, 183.22459419151147, 160.49978439986705, 161.2598213438193, 153.90021990895272, 173.3564331761996, 147.14021310945353, 154.1713091893991, 153.25240043759345, 123.19766513903936, 141.21953557391961, 124.13238892535368, 120.9450859673818, 102.77386366943519, 89.15298362016678, 88.60426433642705, 95.22665770451228, 112.83666491746902, 91.06111207008362, 68.4570071820418, 60.53268358369668, 56.51725717107455, 49.83165508608023, 48.07838770270347, 43.37875815411409, 41.07817091921965, 38.269553909301756, 39.35028102020423, 40.63433049658934, 37.7348650709788, 37.55120729168256, 38.469679832259814, 33.48756530463695, 29.932844185233115, 29.01595476001501, 27.895875287751355, 25.96711111118396, 25.223963083326815, 24.468772412339845, 23.029000045458474, 22.361283123791218, 21.63179157137871, 21.790193845331668, 21.389123505254588, 19.866823150118194, 18.88436127881209, 24.9188966618975, 25.89681099921465, 22.705274278322857, 21.63851634522279, 18.706507553358872, 18.49100932051738, 17.417156145075957, 17.630965331991515, 16.955053961773714, 24.46741211781899, 20.437838560640813, 19.571293459633985, 18.047593178451063, 21.50817713677883, 18.064427298307418, 16.159788235227268, 14.913436253666879, 13.884782500763734, 13.330143905977408, 12.777699744999408, 12.22148631165425, 12.004665003021557, 11.666337968409062, 12.564246123830477, 12.203921170532704, 11.847982879032692, 11.025810250143211, 10.977141670187315, 10.730762276848157, 10.714444856345654, 10.613127378821373], "test_loss": [261.51019391122753, 219.3627626162309, 259.167755488511, 208.86409582934536, 202.82749307286608, 205.12748498969026, 209.2171189025208, 182.13725900388025, 191.52564460366636, 171.95628130304945, 173.02470353409484, 165.3861734539598, 172.03283467921582, 163.52149336154645, 174.01141490124084, 168.0599002314138, 214.89245574356434, 181.517754476149, 198.5931086776021, 157.30424476324856, 155.2089715252866, 157.15001788899139, 162.8000143137607, 159.25408843519924, 158.11867286150272, 154.0917743765391, 158.55721730976313, 152.32099137266914, 153.6950052387112, 155.50393979890006, 162.7820481291184, 154.92237489826076, 168.2816117831639, 162.20685418130276, 164.8301211831334, 166.19013505060593, 152.76177866347544, 156.8108511861864, 173.87886370800354, 203.71983751097878, 156.25599981664303, 158.5540898645317, 155.9731010198593, 155.45141382597305, 157.0507844057712, 157.08320802581179, 164.8567650259196, 177.35510794933026, 174.39886864004555, 163.64334551908158, 163.26549112076287, 165.794303216777, 172.8881605542623, 197.92620215049158, 206.16118998579927, 170.95139534656818, 173.92794706926242, 166.06019089477402, 191.68782707099075, 177.33906782328427, 166.67615850089672, 169.0398671712194, 168.8035652565432, 172.84874346557555, 180.1749331499194, 176.82005487300538, 170.32247208631955, 172.3820328922062, 184.261460178501, 170.80896941416867, 172.1304924920365, 178.25822974102837, 186.45490850524587, 178.42688380394662, 175.63694765967327, 179.23379737138748, 185.1019753273372, 179.676790529555, 172.96399463991543, 177.27205367992212, 179.6034977888013, 179.12779115025813, 179.29010097338602, 180.0091576399384, 182.76546543116098, 179.0192675295767, 181.76336663863162, 182.45833660678548, 179.0675766304299, 186.02440338082366, 189.0995071700641, 181.84243208562935, 179.9188510952415, 183.96949773175376, 175.64437257686814, 181.47253774974374, 188.5644853766803, 178.37518270068117, 179.67351339184322, 186.95308583221592, 180.5029355294102, 186.40540823766165, 182.82027582709605, 176.08010878634977, 179.0131650730804, 183.71796770410222, 181.36212744162634, 181.35994867472857, 183.48540549684355, 181.61488768392866, 183.488347532985, 188.1409302314559, 179.9850276197706, 183.59128937157956, 185.18038053171975, 183.96621004172735, 185.80081094097307, 184.33387894093335], "test_mae": [445.4084070645846, 191.04071665334178, 559.7996768741817, 137.66589889945564, 160.48734998179006, 232.12331017295082, 208.9784113915412, 185.09735679626465, 397.7464007283305, 139.323117685842, 151.45139989748105, 110.54009992997725, 146.40346533387572, 97.69239186716604, 104.39807948437365, 251.21809167128342, 182.28929507077396, 285.5589486635648, 422.261527805538, 108.46334203782972, 86.78706565270058, 129.8805889926114, 144.2685042790004, 145.68519633156913, 102.86082460592081, 90.61782572819637, 114.84159798674531, 100.2478840796502, 142.830899647304, 175.13507279196938, 102.81120185013656, 135.30969842973647, 309.883270913428, 127.0300146668822, 232.13720606709575, 270.72715618846183, 84.45856142568064, 184.60463888566574, 271.16659673753674, 287.97400453588466, 148.7787364289001, 107.2231879391513, 98.57289725083571, 99.5117849622454, 84.81232850630205, 80.16803045587226, 104.88710703168597, 183.68706290276495, 180.3797747014643, 148.31533668853425, 103.28561286087874, 119.40598462702154, 102.42837463630424, 163.5002710531046, 316.75247422941436, 192.44384830600612, 127.19948844071273, 86.05085836138043, 116.46939340528552, 89.75511783557934, 93.49306718595736, 117.66501502152327, 82.30898408575372, 92.07646210639031, 88.65722381675636, 81.4661413549067, 78.9397654061789, 84.77531269618443, 185.23801505958642, 109.48102471068665, 79.94089598184104, 81.7091605427501, 85.53620677989917, 79.40880995530348, 77.47292078458347, 98.2495065835806, 83.39823859078544, 78.3984774704818, 84.94651775569706, 82.40064409276941, 76.66405684083372, 77.32478355575394, 83.46803922967597, 85.7990172459529, 97.49163677928212, 79.50328246315757, 77.69233066433078, 88.02602797288161, 98.87287217444116, 112.30932728274838, 120.22452044225001, 89.45412447164347, 79.02792326958625, 97.92029695196466, 83.91642394432655, 86.41355870844244, 97.2838313972557, 84.25625606159588, 77.63650611206725, 82.48893739888956, 80.7639629657452, 87.13530439858908, 79.39617182134272, 83.84574925768506, 82.83454083872365, 86.02562233641908, 79.79830117278047, 78.33645024142423, 80.62842431959216, 76.29609575376406, 77.62559507181356, 114.59017078693097, 78.01264264033391, 78.12160420679784, 93.2220287322998, 95.90977216028905, 85.28020785405086, 79.35838567293607],