{"train_loss": [0.0521514570847891, 0.05211337089557977, 0.05207633089118947, 0.05203972043391938, 0.05200411218121492, 0.05196939467355454, 0.05193553654244169, 0.051902377149672246, 0.05187018648546655, 0.051838601234485394, 0.05180771232485616, 0.0517776967123306, 0.051748418028388796, 0.05171998446865473, 0.051691892109617284, 0.05166473660268821, 0.05163802018408508, 0.05161226040140415, 0.05158674705657176, 0.05156196535623167, 0.05153809531164977, 0.05151433986495249, 0.051491305117184916, 0.051468900678640545, 0.05144709137831038], "test_loss": [0.03355954640374166, 0.033532563110034413, 0.03350602727460772, 0.03348135359724088, 0.0334577154386392, 0.033433915658791266, 0.03341124816586591, 0.03338852606823791, 0.03336625303983545, 0.033345582196169156, 0.03332609763486659, 0.0333063584089709, 0.03328728942318236, 0.03326799628928631, 0.0332498580443156, 0.03323190530588093, 0.033215889893024445, 0.03319881008528582, 0.0331833177063215, 0.033168001749660246, 0.0331527981014825, 0.03313834119970644, 0.03312384004827466, 0.03311100710953514, 0.03309753981347267], "test_mae": [248.15009477636318, 247.93532063410834, 247.72035946688808, 247.56466383462424, 247.47275268638526, 247.37859713376224, 247.29537628509186, 247.2564742748554, 247.26469102796617, 247.28027213798774, 247.2952180799547, 247.32116751618437, 247.42299947633848, 247.61548933092055, 247.8419399680672, 248.1424935099843, 248.43896037929662, 248.7981664427034, 249.13025088886639, 249.4727997622647, 249.86987013345237, 250.25485499874577, 250.66846331921252, 251.06513645884755, 251.53811456868937], "train_time": [94.78950333595276, 88.5137186050415, 93.69156098365784, 93.49617099761963, 93.21647477149963, 93.36283826828003, 92.9855887889862, 93.21457386016846, 93.78274536132812, 93.42503476142883, 93.35729908943176, 93.44685673713684, 93.47412490844727, 93.6080060005188, 92.90832781791687, 93.63207077980042, 93.44988703727722, 93.4332525730133, 93.70751643180847, 94.20744395256042, 93.8354926109314, 93.40691566467285, 92.75123596191406, 93.96179580688477, 93.48230957984924], "evaluation_time": [22.742037296295166, 22.505046844482422, 22.825194597244263, 22.53290367126465, 22.476285219192505, 22.551385641098022, 22.215708017349243, 22.49210810661316, 22.636032819747925, 22.524668216705322, 22.50812315940857, 22.54015278816223, 22.526410579681396, 22.44053292274475, 22.460688591003418, 22.39087724685669, 22.49583649635315, 22.33033537864685, 22.545581340789795, 22.67807412147522, 22.792646169662476, 22.31531810760498, 22.518673181533813, 22.621402740478516, 22.53853416442871], "total_time": [117.53154063224792, 111.01876544952393, 116.5167555809021, 116.02907466888428, 115.69275999069214, 115.91422390937805, 115.20129680633545, 115.70668196678162, 116.41877818107605, 115.94970297813416, 115.86542224884033, 115.98700952529907, 116.00053548812866, 116.04853892326355, 115.36901640892029, 116.0229480266571, 115.94572353363037, 115.76358795166016, 116.25309777259827, 116.88551807403564, 116.62813878059387, 115.72223377227783, 115.26990914344788, 116.58319854736328, 116.02084374427795]}