{"mae": 76.29609575376406, "rmse": 125.78446657283624, "ssim": 0.7395140187076262}