{"mae": 71.7645810515016, "rmse": 108.81262008549174, "ssim": 0.7557632002405205}